[{"model": "admin.logentry", "pk": 1, "fields": {"action_time": "2021-04-27T14:04:06.557Z", "user": 122, "content_type": 12, "object_id": "1", "object_repr": "<Account user: att, nickname: 'test account', currency: EUR>", "action_flag": 3, "change_message": ""}}, {"model": "auth.user", "pk": 122, "fields": {"password": "pbkdf2_sha256$260000$5sQGA1FzvhCC1mjB7rBq63$fV1PBNHeR7iXIxEJMtIti1r2cCGcqI9qTwdwhzE9lKo=", "last_login": "2021-05-23T12:28:17.174Z", "is_superuser": true, "username": "att", "first_name": "", "last_name": "", "email": "justyna.ilczuk@gmail.com", "is_staff": true, "is_active": true, "date_joined": "2021-04-17T13:45:57.093Z", "groups": [], "user_permissions": []}}, {"model": "finance.account", "pk": 2, "fields": {"user": 122, "currency": 1, "nickname": "test account", "description": "", "balance": "-106584.76000", "last_modified": "2021-05-03T14:20:29.732Z"}}, {"model": "finance.exchange", "pk": 132, "fields": {"name": "USA Stocks", "country": "USA"}}, {"model": "finance.exchange", "pk": 133, "fields": {"name": "London Exchange", "country": "UK"}}, {"model": "finance.exchange", "pk": 134, "fields": {"name": "NEO Exchange", "country": "Canada"}}, {"model": "finance.exchange", "pk": 135, "fields": {"name": "TSX Venture Exchange", "country": "Canada"}}, {"model": "finance.exchange", "pk": 136, "fields": {"name": "Toronto Exchange", "country": "Canada"}}, {"model": "finance.exchange", "pk": 137, "fields": {"name": "Berlin Exchange", "country": "Germany"}}, {"model": "finance.exchange", "pk": 138, "fields": {"name": "Frankfurt Exchange", "country": "Germany"}}, {"model": "finance.exchange", "pk": 139, "fields": {"name": "Stuttgart Exchange", "country": "Germany"}}, {"model": "finance.exchange", "pk": 140, "fields": {"name": "Hanover Exchange", "country": "Germany"}}, {"model": "finance.exchange", "pk": 141, "fields": {"name": "Munich Exchange", "country": "Germany"}}, {"model": "finance.exchange", "pk": 142, "fields": {"name": "Hamburg Exchange", "country": "Germany"}}, {"model": "finance.exchange", "pk": 143, "fields": {"name": "XETRA Exchange", "country": "Germany"}}, {"model": "finance.exchange", "pk": 144, "fields": {"name": "Dusseldorf Exchange", "country": "Germany"}}, {"model": "finance.exchange", "pk": 145, "fields": {"name": "Vienna Exchange", "country": "Austria"}}, {"model": "finance.exchange", "pk": 146, "fields": {"name": "Luxembourg Stock Exchange", "country": "Luxembourg"}}, {"model": "finance.exchange", "pk": 147, "fields": {"name": "Borsa Italiana", "country": "Italy"}}, {"model": "finance.exchange", "pk": 148, "fields": {"name": "Euronext Paris", "country": "France"}}, {"model": "finance.exchange", "pk": 149, "fields": {"name": "Euronext Brussels", "country": "Belgium"}}, {"model": "finance.exchange", "pk": 150, "fields": {"name": "SIX Swiss Exchange", "country": "Switzerland"}}, {"model": "finance.exchange", "pk": 151, "fields": {"name": "Swiss Exchange", "country": "Switzerland"}}, {"model": "finance.exchange", "pk": 152, "fields": {"name": "Madrid Exchange", "country": "Spain"}}, {"model": "finance.exchange", "pk": 153, "fields": {"name": "Euronext Amsterdam", "country": "Netherlands"}}, {"model": "finance.exchange", "pk": 154, "fields": {"name": "Euronext Lisbon", "country": "Portugal"}}, {"model": "finance.exchange", "pk": 155, "fields": {"name": "Tallinn Exchange", "country": "Estonia"}}, {"model": "finance.exchange", "pk": 156, "fields": {"name": "Vilnus Exchange", "country": "Lithuania"}}, {"model": "finance.exchange", "pk": 157, "fields": {"name": "Riga Exchange", "country": "Latvia"}}, {"model": "finance.exchange", "pk": 158, "fields": {"name": "First North Denmark", "country": "Sweden"}}, {"model": "finance.exchange", "pk": 159, "fields": {"name": "Iceland Exchange", "country": "Iceland"}}, {"model": "finance.exchange", "pk": 160, "fields": {"name": "Helsinki Exchange", "country": "Finland"}}, {"model": "finance.exchange", "pk": 161, "fields": {"name": "Irish Exchange", "country": "Ireland"}}, {"model": "finance.exchange", "pk": 162, "fields": {"name": "Stockholm Exchange", "country": "Sweden"}}, {"model": "finance.exchange", "pk": 163, "fields": {"name": "Copenhagen Exchange", "country": "Denmark"}}, {"model": "finance.exchange", "pk": 164, "fields": {"name": "Oslo Stock Exchange", "country": "Norway"}}, {"model": "finance.exchange", "pk": 165, "fields": {"name": "Hong Kong Exchange", "country": "Hong Kong"}}, {"model": "finance.exchange", "pk": 166, "fields": {"name": "Tel Aviv Exchange", "country": "Israel"}}, {"model": "finance.exchange", "pk": 167, "fields": {"name": "KOSDAQ", "country": "Korea"}}, {"model": "finance.exchange", "pk": 168, "fields": {"name": "Korea Stock Exchange", "country": "Korea"}}, {"model": "finance.exchange", "pk": 169, "fields": {"name": "Philippine Stock Exchange", "country": "Philippines"}}, {"model": "finance.exchange", "pk": 170, "fields": {"name": "Warsaw Stock Exchange", "country": "Poland"}}, {"model": "finance.exchange", "pk": 171, "fields": {"name": "Budapest Stock Exchange", "country": "Hungary"}}, {"model": "finance.exchange", "pk": 172, "fields": {"name": "Singapore Exchange", "country": "Singapore"}}, {"model": "finance.exchange", "pk": 173, "fields": {"name": "Bombay Exchange", "country": "India"}}, {"model": "finance.exchange", "pk": 174, "fields": {"name": "Chilean Stock Exchange", "country": "Chile"}}, {"model": "finance.exchange", "pk": 175, "fields": {"name": "Athens Exchange", "country": "Greece"}}, {"model": "finance.exchange", "pk": 176, "fields": {"name": "Karachi Stock Exchange", "country": "Pakistan"}}, {"model": "finance.exchange", "pk": 177, "fields": {"name": "NSE (India)", "country": "India"}}, {"model": "finance.exchange", "pk": 178, "fields": {"name": "Shenzhen Exchange", "country": "China"}}, {"model": "finance.exchange", "pk": 179, "fields": {"name": "Saudi Arabia Exchange", "country": "Saudi Arabia"}}, {"model": "finance.exchange", "pk": 180, "fields": {"name": "Shanghai Exchange", "country": "China"}}, {"model": "finance.exchange", "pk": 181, "fields": {"name": "Jakarta Exchange", "country": "Indonesia"}}, {"model": "finance.exchange", "pk": 182, "fields": {"name": "Thailand Exchange", "country": "Thailand"}}, {"model": "finance.exchange", "pk": 183, "fields": {"name": "Johannesburg Exchange", "country": "South Africa"}}, {"model": "finance.exchange", "pk": 184, "fields": {"name": "Australia Exchange", "country": "Australia"}}, {"model": "finance.exchange", "pk": 185, "fields": {"name": "Vietnam Stocks", "country": "Vietnam"}}, {"model": "finance.exchange", "pk": 186, "fields": {"name": "Kuala Lumpur Exchange", "country": "Malaysia"}}, {"model": "finance.exchange", "pk": 187, "fields": {"name": "Sao Paolo Exchange", "country": "Brazil"}}, {"model": "finance.exchange", "pk": 188, "fields": {"name": "Buenos Aires Exchange", "country": "Argentina"}}, {"model": "finance.exchange", "pk": 189, "fields": {"name": "Mexican Exchange", "country": "Mexico"}}, {"model": "finance.exchange", "pk": 190, "fields": {"name": "Bolsa de Valores de Lima", "country": "Peru"}}, {"model": "finance.exchange", "pk": 191, "fields": {"name": "FOREX", "country": "Unknown"}}, {"model": "finance.exchange", "pk": 192, "fields": {"name": "Taiwan Exchange", "country": "Taiwan"}}, {"model": "finance.exchange", "pk": 193, "fields": {"name": "Taiwan OTC Exchange", "country": "Taiwan"}}, {"model": "finance.exchange", "pk": 194, "fields": {"name": "Istanbul Stock Exchange", "country": "Turkey"}}, {"model": "finance.exchange", "pk": 195, "fields": {"name": "Cryptocurrencies", "country": "Unknown"}}, {"model": "finance.exchange", "pk": 196, "fields": {"name": "Canadian Securities Exchange", "country": "Canada"}}, {"model": "finance.exchangeidentifier", "pk": 264, "fields": {"exchange": 132, "id_type": 1, "value": "US"}}, {"model": "finance.exchangeidentifier", "pk": 265, "fields": {"exchange": 132, "id_type": 2, "value": "XNAS"}}, {"model": "finance.exchangeidentifier", "pk": 266, "fields": {"exchange": 132, "id_type": 2, "value": "XNYS"}}, {"model": "finance.exchangeidentifier", "pk": 267, "fields": {"exchange": 133, "id_type": 1, "value": "LSE"}}, {"model": "finance.exchangeidentifier", "pk": 268, "fields": {"exchange": 133, "id_type": 2, "value": "XLON"}}, {"model": "finance.exchangeidentifier", "pk": 269, "fields": {"exchange": 134, "id_type": 1, "value": "NEO"}}, {"model": "finance.exchangeidentifier", "pk": 270, "fields": {"exchange": 134, "id_type": 2, "value": "NEOE"}}, {"model": "finance.exchangeidentifier", "pk": 271, "fields": {"exchange": 135, "id_type": 1, "value": "V"}}, {"model": "finance.exchangeidentifier", "pk": 272, "fields": {"exchange": 135, "id_type": 2, "value": "XTSX"}}, {"model": "finance.exchangeidentifier", "pk": 273, "fields": {"exchange": 136, "id_type": 1, "value": "TO"}}, {"model": "finance.exchangeidentifier", "pk": 274, "fields": {"exchange": 136, "id_type": 2, "value": "XTSE"}}, {"model": "finance.exchangeidentifier", "pk": 275, "fields": {"exchange": 137, "id_type": 1, "value": "BE"}}, {"model": "finance.exchangeidentifier", "pk": 276, "fields": {"exchange": 137, "id_type": 2, "value": "XBER"}}, {"model": "finance.exchangeidentifier", "pk": 277, "fields": {"exchange": 138, "id_type": 1, "value": "F"}}, {"model": "finance.exchangeidentifier", "pk": 278, "fields": {"exchange": 138, "id_type": 2, "value": "XFRA"}}, {"model": "finance.exchangeidentifier", "pk": 279, "fields": {"exchange": 139, "id_type": 1, "value": "STU"}}, {"model": "finance.exchangeidentifier", "pk": 280, "fields": {"exchange": 139, "id_type": 2, "value": "XSTU"}}, {"model": "finance.exchangeidentifier", "pk": 281, "fields": {"exchange": 140, "id_type": 1, "value": "HA"}}, {"model": "finance.exchangeidentifier", "pk": 282, "fields": {"exchange": 140, "id_type": 2, "value": "XHAN"}}, {"model": "finance.exchangeidentifier", "pk": 283, "fields": {"exchange": 141, "id_type": 1, "value": "MU"}}, {"model": "finance.exchangeidentifier", "pk": 284, "fields": {"exchange": 141, "id_type": 2, "value": "XMUN"}}, {"model": "finance.exchangeidentifier", "pk": 285, "fields": {"exchange": 142, "id_type": 1, "value": "HM"}}, {"model": "finance.exchangeidentifier", "pk": 286, "fields": {"exchange": 142, "id_type": 2, "value": "XHAM"}}, {"model": "finance.exchangeidentifier", "pk": 287, "fields": {"exchange": 143, "id_type": 1, "value": "XETRA"}}, {"model": "finance.exchangeidentifier", "pk": 288, "fields": {"exchange": 143, "id_type": 2, "value": "XETR"}}, {"model": "finance.exchangeidentifier", "pk": 289, "fields": {"exchange": 144, "id_type": 1, "value": "DU"}}, {"model": "finance.exchangeidentifier", "pk": 290, "fields": {"exchange": 144, "id_type": 2, "value": "XDUS"}}, {"model": "finance.exchangeidentifier", "pk": 291, "fields": {"exchange": 145, "id_type": 1, "value": "VI"}}, {"model": "finance.exchangeidentifier", "pk": 292, "fields": {"exchange": 145, "id_type": 2, "value": "XWBO"}}, {"model": "finance.exchangeidentifier", "pk": 293, "fields": {"exchange": 146, "id_type": 1, "value": "LU"}}, {"model": "finance.exchangeidentifier", "pk": 294, "fields": {"exchange": 146, "id_type": 2, "value": "XLUX"}}, {"model": "finance.exchangeidentifier", "pk": 295, "fields": {"exchange": 147, "id_type": 1, "value": "MI"}}, {"model": "finance.exchangeidentifier", "pk": 296, "fields": {"exchange": 147, "id_type": 2, "value": "XMIL"}}, {"model": "finance.exchangeidentifier", "pk": 297, "fields": {"exchange": 148, "id_type": 1, "value": "PA"}}, {"model": "finance.exchangeidentifier", "pk": 298, "fields": {"exchange": 148, "id_type": 2, "value": "XPAR"}}, {"model": "finance.exchangeidentifier", "pk": 299, "fields": {"exchange": 149, "id_type": 1, "value": "BR"}}, {"model": "finance.exchangeidentifier", "pk": 300, "fields": {"exchange": 149, "id_type": 2, "value": "XBRU"}}, {"model": "finance.exchangeidentifier", "pk": 301, "fields": {"exchange": 150, "id_type": 1, "value": "SW"}}, {"model": "finance.exchangeidentifier", "pk": 302, "fields": {"exchange": 150, "id_type": 2, "value": "XSWX"}}, {"model": "finance.exchangeidentifier", "pk": 303, "fields": {"exchange": 151, "id_type": 1, "value": "VX"}}, {"model": "finance.exchangeidentifier", "pk": 304, "fields": {"exchange": 151, "id_type": 2, "value": "XSWX"}}, {"model": "finance.exchangeidentifier", "pk": 305, "fields": {"exchange": 152, "id_type": 1, "value": "MC"}}, {"model": "finance.exchangeidentifier", "pk": 306, "fields": {"exchange": 152, "id_type": 2, "value": "BMEX"}}, {"model": "finance.exchangeidentifier", "pk": 307, "fields": {"exchange": 153, "id_type": 1, "value": "AS"}}, {"model": "finance.exchangeidentifier", "pk": 308, "fields": {"exchange": 153, "id_type": 2, "value": "XAMS"}}, {"model": "finance.exchangeidentifier", "pk": 309, "fields": {"exchange": 154, "id_type": 1, "value": "LS"}}, {"model": "finance.exchangeidentifier", "pk": 310, "fields": {"exchange": 154, "id_type": 2, "value": "XLIS"}}, {"model": "finance.exchangeidentifier", "pk": 311, "fields": {"exchange": 155, "id_type": 1, "value": "TL"}}, {"model": "finance.exchangeidentifier", "pk": 312, "fields": {"exchange": 155, "id_type": 2, "value": "XTAL"}}, {"model": "finance.exchangeidentifier", "pk": 313, "fields": {"exchange": 156, "id_type": 1, "value": "VS"}}, {"model": "finance.exchangeidentifier", "pk": 314, "fields": {"exchange": 156, "id_type": 2, "value": "XLIT"}}, {"model": "finance.exchangeidentifier", "pk": 315, "fields": {"exchange": 157, "id_type": 1, "value": "RG"}}, {"model": "finance.exchangeidentifier", "pk": 316, "fields": {"exchange": 157, "id_type": 2, "value": "XRIS"}}, {"model": "finance.exchangeidentifier", "pk": 317, "fields": {"exchange": 158, "id_type": 1, "value": "NFN"}}, {"model": "finance.exchangeidentifier", "pk": 318, "fields": {"exchange": 158, "id_type": 2, "value": "XCSE"}}, {"model": "finance.exchangeidentifier", "pk": 319, "fields": {"exchange": 159, "id_type": 1, "value": "IC"}}, {"model": "finance.exchangeidentifier", "pk": 320, "fields": {"exchange": 159, "id_type": 2, "value": "XICE"}}, {"model": "finance.exchangeidentifier", "pk": 321, "fields": {"exchange": 160, "id_type": 1, "value": "HE"}}, {"model": "finance.exchangeidentifier", "pk": 322, "fields": {"exchange": 160, "id_type": 2, "value": "XHEL"}}, {"model": "finance.exchangeidentifier", "pk": 323, "fields": {"exchange": 161, "id_type": 1, "value": "IR"}}, {"model": "finance.exchangeidentifier", "pk": 324, "fields": {"exchange": 161, "id_type": 2, "value": "XDUB"}}, {"model": "finance.exchangeidentifier", "pk": 325, "fields": {"exchange": 162, "id_type": 1, "value": "ST"}}, {"model": "finance.exchangeidentifier", "pk": 326, "fields": {"exchange": 162, "id_type": 2, "value": "XSTO"}}, {"model": "finance.exchangeidentifier", "pk": 327, "fields": {"exchange": 163, "id_type": 1, "value": "CO"}}, {"model": "finance.exchangeidentifier", "pk": 328, "fields": {"exchange": 163, "id_type": 2, "value": "XCSE"}}, {"model": "finance.exchangeidentifier", "pk": 329, "fields": {"exchange": 164, "id_type": 1, "value": "OL"}}, {"model": "finance.exchangeidentifier", "pk": 330, "fields": {"exchange": 164, "id_type": 2, "value": "XOSL"}}, {"model": "finance.exchangeidentifier", "pk": 331, "fields": {"exchange": 165, "id_type": 1, "value": "HK"}}, {"model": "finance.exchangeidentifier", "pk": 332, "fields": {"exchange": 165, "id_type": 2, "value": "XHKG"}}, {"model": "finance.exchangeidentifier", "pk": 333, "fields": {"exchange": 166, "id_type": 1, "value": "TA"}}, {"model": "finance.exchangeidentifier", "pk": 334, "fields": {"exchange": 166, "id_type": 2, "value": "XTAE"}}, {"model": "finance.exchangeidentifier", "pk": 335, "fields": {"exchange": 167, "id_type": 1, "value": "KQ"}}, {"model": "finance.exchangeidentifier", "pk": 336, "fields": {"exchange": 167, "id_type": 2, "value": "XKOS"}}, {"model": "finance.exchangeidentifier", "pk": 337, "fields": {"exchange": 168, "id_type": 1, "value": "KO"}}, {"model": "finance.exchangeidentifier", "pk": 338, "fields": {"exchange": 168, "id_type": 2, "value": "XKRX"}}, {"model": "finance.exchangeidentifier", "pk": 339, "fields": {"exchange": 169, "id_type": 1, "value": "PSE"}}, {"model": "finance.exchangeidentifier", "pk": 340, "fields": {"exchange": 169, "id_type": 2, "value": "XPHS"}}, {"model": "finance.exchangeidentifier", "pk": 341, "fields": {"exchange": 170, "id_type": 1, "value": "WAR"}}, {"model": "finance.exchangeidentifier", "pk": 342, "fields": {"exchange": 170, "id_type": 2, "value": "XWAR"}}, {"model": "finance.exchangeidentifier", "pk": 343, "fields": {"exchange": 171, "id_type": 1, "value": "BUD"}}, {"model": "finance.exchangeidentifier", "pk": 344, "fields": {"exchange": 171, "id_type": 2, "value": "XBUD"}}, {"model": "finance.exchangeidentifier", "pk": 345, "fields": {"exchange": 172, "id_type": 1, "value": "SG"}}, {"model": "finance.exchangeidentifier", "pk": 346, "fields": {"exchange": 172, "id_type": 2, "value": "XSES"}}, {"model": "finance.exchangeidentifier", "pk": 347, "fields": {"exchange": 173, "id_type": 1, "value": "BSE"}}, {"model": "finance.exchangeidentifier", "pk": 348, "fields": {"exchange": 173, "id_type": 2, "value": "XBOM"}}, {"model": "finance.exchangeidentifier", "pk": 349, "fields": {"exchange": 174, "id_type": 1, "value": "SN"}}, {"model": "finance.exchangeidentifier", "pk": 350, "fields": {"exchange": 174, "id_type": 2, "value": "XSGO"}}, {"model": "finance.exchangeidentifier", "pk": 351, "fields": {"exchange": 175, "id_type": 1, "value": "AT"}}, {"model": "finance.exchangeidentifier", "pk": 352, "fields": {"exchange": 175, "id_type": 2, "value": "ASEX"}}, {"model": "finance.exchangeidentifier", "pk": 353, "fields": {"exchange": 176, "id_type": 1, "value": "KAR"}}, {"model": "finance.exchangeidentifier", "pk": 354, "fields": {"exchange": 176, "id_type": 2, "value": "XKAR"}}, {"model": "finance.exchangeidentifier", "pk": 355, "fields": {"exchange": 177, "id_type": 1, "value": "NSE"}}, {"model": "finance.exchangeidentifier", "pk": 356, "fields": {"exchange": 177, "id_type": 2, "value": "XNSE"}}, {"model": "finance.exchangeidentifier", "pk": 357, "fields": {"exchange": 178, "id_type": 1, "value": "SHE"}}, {"model": "finance.exchangeidentifier", "pk": 358, "fields": {"exchange": 178, "id_type": 2, "value": "XSHE"}}, {"model": "finance.exchangeidentifier", "pk": 359, "fields": {"exchange": 179, "id_type": 1, "value": "SR"}}, {"model": "finance.exchangeidentifier", "pk": 360, "fields": {"exchange": 179, "id_type": 2, "value": "XSAU"}}, {"model": "finance.exchangeidentifier", "pk": 361, "fields": {"exchange": 180, "id_type": 1, "value": "SHG"}}, {"model": "finance.exchangeidentifier", "pk": 362, "fields": {"exchange": 180, "id_type": 2, "value": "XSHG"}}, {"model": "finance.exchangeidentifier", "pk": 363, "fields": {"exchange": 181, "id_type": 1, "value": "JK"}}, {"model": "finance.exchangeidentifier", "pk": 364, "fields": {"exchange": 181, "id_type": 2, "value": "XIDX"}}, {"model": "finance.exchangeidentifier", "pk": 365, "fields": {"exchange": 182, "id_type": 1, "value": "BK"}}, {"model": "finance.exchangeidentifier", "pk": 366, "fields": {"exchange": 182, "id_type": 2, "value": "XBKK"}}, {"model": "finance.exchangeidentifier", "pk": 367, "fields": {"exchange": 183, "id_type": 1, "value": "JSE"}}, {"model": "finance.exchangeidentifier", "pk": 368, "fields": {"exchange": 183, "id_type": 2, "value": "XJSE"}}, {"model": "finance.exchangeidentifier", "pk": 369, "fields": {"exchange": 184, "id_type": 1, "value": "AU"}}, {"model": "finance.exchangeidentifier", "pk": 370, "fields": {"exchange": 184, "id_type": 2, "value": "XASX"}}, {"model": "finance.exchangeidentifier", "pk": 371, "fields": {"exchange": 185, "id_type": 1, "value": "VN"}}, {"model": "finance.exchangeidentifier", "pk": 372, "fields": {"exchange": 185, "id_type": 2, "value": "HSTC"}}, {"model": "finance.exchangeidentifier", "pk": 373, "fields": {"exchange": 186, "id_type": 1, "value": "KLSE"}}, {"model": "finance.exchangeidentifier", "pk": 374, "fields": {"exchange": 186, "id_type": 2, "value": "XKLS"}}, {"model": "finance.exchangeidentifier", "pk": 375, "fields": {"exchange": 187, "id_type": 1, "value": "SA"}}, {"model": "finance.exchangeidentifier", "pk": 376, "fields": {"exchange": 187, "id_type": 2, "value": "BVMF"}}, {"model": "finance.exchangeidentifier", "pk": 377, "fields": {"exchange": 188, "id_type": 1, "value": "BA"}}, {"model": "finance.exchangeidentifier", "pk": 378, "fields": {"exchange": 188, "id_type": 2, "value": "XBUE"}}, {"model": "finance.exchangeidentifier", "pk": 379, "fields": {"exchange": 189, "id_type": 1, "value": "MX"}}, {"model": "finance.exchangeidentifier", "pk": 380, "fields": {"exchange": 189, "id_type": 2, "value": "XMEX"}}, {"model": "finance.exchangeidentifier", "pk": 381, "fields": {"exchange": 190, "id_type": 1, "value": "LIM"}}, {"model": "finance.exchangeidentifier", "pk": 382, "fields": {"exchange": 190, "id_type": 2, "value": "XLIM"}}, {"model": "finance.exchangeidentifier", "pk": 383, "fields": {"exchange": 191, "id_type": 1, "value": "FOREX"}}, {"model": "finance.exchangeidentifier", "pk": 384, "fields": {"exchange": 191, "id_type": 2, "value": "CDSL"}}, {"model": "finance.exchangeidentifier", "pk": 385, "fields": {"exchange": 192, "id_type": 1, "value": "TW"}}, {"model": "finance.exchangeidentifier", "pk": 386, "fields": {"exchange": 192, "id_type": 2, "value": "XTAI"}}, {"model": "finance.exchangeidentifier", "pk": 387, "fields": {"exchange": 193, "id_type": 1, "value": "TWO"}}, {"model": "finance.exchangeidentifier", "pk": 388, "fields": {"exchange": 193, "id_type": 2, "value": "ROCO"}}, {"model": "finance.exchangeidentifier", "pk": 389, "fields": {"exchange": 194, "id_type": 1, "value": "IS"}}, {"model": "finance.exchangeidentifier", "pk": 390, "fields": {"exchange": 194, "id_type": 2, "value": "XIST"}}, {"model": "finance.exchangeidentifier", "pk": 391, "fields": {"exchange": 195, "id_type": 1, "value": "CC"}}, {"model": "finance.exchangeidentifier", "pk": 392, "fields": {"exchange": 195, "id_type": 2, "value": "CRYP"}}, {"model": "finance.exchangeidentifier", "pk": 393, "fields": {"exchange": 196, "id_type": 1, "value": "CN"}}, {"model": "finance.exchangeidentifier", "pk": 394, "fields": {"exchange": 196, "id_type": 2, "value": "XCNQ"}}, {"model": "finance.security", "pk": 1, "fields": {"isin": "US2546871060", "symbol": "DIS", "name": "The Walt Disney Company", "exchange": 132, "currency": 3, "country": "USA"}}, {"model": "finance.security", "pk": 2, "fields": {"isin": "US0378331005", "symbol": "AAPL", "name": "Apple Inc", "exchange": 132, "currency": 3, "country": "USA"}}, {"model": "finance.security", "pk": 3, "fields": {"isin": "US4781601046", "symbol": "JNJ", "name": "Johnson & Johnson", "exchange": 132, "currency": 3, "country": "USA"}}, {"model": "finance.security", "pk": 4, "fields": {"isin": "US31428X1063", "symbol": "FDX", "name": "FedEx Corporation", "exchange": 132, "currency": 3, "country": "USA"}}, {"model": "finance.security", "pk": 5, "fields": {"isin": "US1912161007", "symbol": "KO", "name": "The Coca-Cola Company", "exchange": 132, "currency": 3, "country": "USA"}}, {"model": "finance.security", "pk": 6, "fields": {"isin": "IE00BF4RFH31", "symbol": "IUSN", "name": "iShares MSCI World Small Cap UCITS ETF USD (Acc)", "exchange": 143, "currency": 1, "country": "Germany"}}, {"model": "finance.security", "pk": 7, "fields": {"isin": "US58733R1023", "symbol": "MELI", "name": "MercadoLibre, Inc", "exchange": 132, "currency": 3, "country": "USA"}}, {"model": "finance.security", "pk": 8, "fields": {"isin": "US01609W1027", "symbol": "BABA", "name": "Alibaba Group Holding Limited", "exchange": 132, "currency": 3, "country": "USA"}}, {"model": "finance.security", "pk": 9, "fields": {"isin": "US00507V1098", "symbol": "ATVI", "name": "Activision Blizzard, Inc", "exchange": 132, "currency": 3, "country": "USA"}}, {"model": "finance.security", "pk": 10, "fields": {"isin": "GB00B18JK166", "symbol": "JETG", "name": "JPMorgan European Investment Trust (Growth Pool)", "exchange": 133, "currency": 4, "country": "UK"}}, {"model": "finance.security", "pk": 11, "fields": {"isin": "GB0008829292", "symbol": "TEM", "name": "Templeton Emerging Markets Investment Trust TEMIT", "exchange": 133, "currency": 4, "country": "UK"}}, {"model": "finance.security", "pk": 12, "fields": {"isin": "US7170811035", "symbol": "PFE", "name": "Pfizer Inc", "exchange": 132, "currency": 3, "country": "USA"}}, {"model": "finance.security", "pk": 13, "fields": {"isin": "IE00B52MJY50", "symbol": "SXR1", "name": "iShares VII PLC - iShares Core MSCI Pac ex-Jpn ETF USD Acc", "exchange": 143, "currency": 1, "country": "Germany"}}, {"model": "finance.security", "pk": 14, "fields": {"isin": "CA11284V1058", "symbol": "BEPC", "name": "Brookfield Renewable Corporation", "exchange": 132, "currency": 3, "country": "USA"}}, {"model": "finance.security", "pk": 15, "fields": {"isin": "US0970231058", "symbol": "BA", "name": "The Boeing Company", "exchange": 132, "currency": 3, "country": "USA"}}, {"model": "finance.security", "pk": 16, "fields": {"isin": "DE000A1EWWW0", "symbol": "ADS", "name": "adidas AG", "exchange": 143, "currency": 1, "country": "Germany"}}, {"model": "finance.security", "pk": 17, "fields": {"isin": "US46625H1005", "symbol": "JPM", "name": "JPMorgan Chase & Co", "exchange": 132, "currency": 3, "country": "USA"}}, {"model": "finance.security", "pk": 18, "fields": {"isin": "US17275R1023", "symbol": "CSCO", "name": "Cisco Systems, Inc", "exchange": 132, "currency": 3, "country": "USA"}}, {"model": "finance.security", "pk": 19, "fields": {"isin": "US0605051046", "symbol": "BAC", "name": "Bank of America Corporation", "exchange": 132, "currency": 3, "country": "USA"}}, {"model": "finance.security", "pk": 20, "fields": {"isin": "US7427181091", "symbol": "PG", "name": "The Procter & Gamble Company", "exchange": 132, "currency": 3, "country": "USA"}}, {"model": "finance.security", "pk": 21, "fields": {"isin": "US92826C8394", "symbol": "V", "name": "Visa Inc", "exchange": 132, "currency": 3, "country": "USA"}}, {"model": "finance.security", "pk": 22, "fields": {"isin": "US0231351067", "symbol": "AMZN", "name": "Amazon.com, Inc", "exchange": 132, "currency": 3, "country": "USA"}}, {"model": "finance.security", "pk": 23, "fields": {"isin": "US5949181045", "symbol": "MSFT", "name": "Microsoft Corporation", "exchange": 132, "currency": 3, "country": "USA"}}, {"model": "finance.security", "pk": 24, "fields": {"isin": "GB00BMXWN182", "symbol": "JMG", "name": "JPMorgan Emerging Markets Inv Trust", "exchange": 133, "currency": 4, "country": "UK"}}, {"model": "finance.security", "pk": 25, "fields": {"isin": "US70450Y1038", "symbol": "PYPL", "name": "PayPal Holdings, Inc", "exchange": 132, "currency": 3, "country": "USA"}}, {"model": "finance.security", "pk": 26, "fields": {"isin": "US30303M1027", "symbol": "FB", "name": "Facebook, Inc", "exchange": 132, "currency": 3, "country": "USA"}}, {"model": "finance.security", "pk": 27, "fields": {"isin": "US1985161066", "symbol": "COLM", "name": "Columbia Sportswear Company", "exchange": 132, "currency": 3, "country": "USA"}}, {"model": "finance.security", "pk": 28, "fields": {"isin": "US2561631068", "symbol": "DOCU", "name": "DocuSign, Inc", "exchange": 132, "currency": 3, "country": "USA"}}, {"model": "finance.security", "pk": 29, "fields": {"isin": "DE0005190003", "symbol": "BMW", "name": "Bayerische Motoren Werke Aktiengesellschaft", "exchange": 143, "currency": 1, "country": "Germany"}}, {"model": "finance.security", "pk": 30, "fields": {"isin": "US0846707026", "symbol": "BRK-B", "name": "Berkshire Hathaway Inc", "exchange": 132, "currency": 3, "country": "USA"}}, {"model": "finance.position", "pk": 31, "fields": {"account": 2, "security": 1, "quantity": "35.00", "last_modified": "2021-05-03T14:20:29.693Z"}}, {"model": "finance.position", "pk": 32, "fields": {"account": 2, "security": 2, "quantity": "53.00", "last_modified": "2021-05-03T14:20:29.688Z"}}, {"model": "finance.position", "pk": 33, "fields": {"account": 2, "security": 3, "quantity": "29.00", "last_modified": "2021-05-03T14:20:28.708Z"}}, {"model": "finance.position", "pk": 34, "fields": {"account": 2, "security": 4, "quantity": "18.00", "last_modified": "2021-05-03T14:20:27.586Z"}}, {"model": "finance.position", "pk": 35, "fields": {"account": 2, "security": 5, "quantity": "90.00", "last_modified": "2021-05-03T14:20:29.716Z"}}, {"model": "finance.position", "pk": 36, "fields": {"account": 2, "security": 6, "quantity": "2775.00", "last_modified": "2021-05-03T14:20:12.355Z"}}, {"model": "finance.position", "pk": 37, "fields": {"account": 2, "security": 7, "quantity": "1.00", "last_modified": "2021-05-03T14:20:07.215Z"}}, {"model": "finance.position", "pk": 38, "fields": {"account": 2, "security": 8, "quantity": "16.00", "last_modified": "2021-05-03T14:20:27.493Z"}}, {"model": "finance.position", "pk": 39, "fields": {"account": 2, "security": 9, "quantity": "38.00", "last_modified": "2021-05-03T14:20:29.702Z"}}, {"model": "finance.position", "pk": 40, "fields": {"account": 2, "security": 10, "quantity": "1552.00", "last_modified": "2021-05-03T14:20:17.972Z"}}, {"model": "finance.position", "pk": 41, "fields": {"account": 2, "security": 11, "quantity": "720.00", "last_modified": "2021-05-03T14:20:16.978Z"}}, {"model": "finance.position", "pk": 42, "fields": {"account": 2, "security": 12, "quantity": "112.00", "last_modified": "2021-05-03T14:20:29.732Z"}}, {"model": "finance.position", "pk": 43, "fields": {"account": 2, "security": 13, "quantity": "8.00", "last_modified": "2021-05-03T14:20:11.452Z"}}, {"model": "finance.position", "pk": 44, "fields": {"account": 2, "security": 14, "quantity": "85.00", "last_modified": "2021-05-03T14:20:20.779Z"}}, {"model": "finance.position", "pk": 45, "fields": {"account": 2, "security": 15, "quantity": "10.00", "last_modified": "2021-05-03T14:20:27.544Z"}}, {"model": "finance.position", "pk": 46, "fields": {"account": 2, "security": 16, "quantity": "11.00", "last_modified": "2021-05-03T14:20:27.459Z"}}, {"model": "finance.position", "pk": 47, "fields": {"account": 2, "security": 17, "quantity": "30.00", "last_modified": "2021-05-03T14:20:27.512Z"}}, {"model": "finance.position", "pk": 48, "fields": {"account": 2, "security": 18, "quantity": "43.00", "last_modified": "2021-05-03T14:20:27.581Z"}}, {"model": "finance.position", "pk": 49, "fields": {"account": 2, "security": 19, "quantity": "123.00", "last_modified": "2021-05-03T14:20:29.721Z"}}, {"model": "finance.position", "pk": 50, "fields": {"account": 2, "security": 20, "quantity": "21.00", "last_modified": "2021-05-03T14:20:29.697Z"}}, {"model": "finance.position", "pk": 51, "fields": {"account": 2, "security": 21, "quantity": "16.00", "last_modified": "2021-05-03T14:20:27.554Z"}}, {"model": "finance.position", "pk": 52, "fields": {"account": 2, "security": 22, "quantity": "4.00", "last_modified": "2021-05-03T14:20:28.667Z"}}, {"model": "finance.position", "pk": 53, "fields": {"account": 2, "security": 23, "quantity": "31.00", "last_modified": "2021-05-03T14:20:29.711Z"}}, {"model": "finance.position", "pk": 54, "fields": {"account": 2, "security": 24, "quantity": "2450.00", "last_modified": "2021-05-03T14:20:17.027Z"}}, {"model": "finance.position", "pk": 55, "fields": {"account": 2, "security": 25, "quantity": "21.00", "last_modified": "2021-05-03T14:20:27.549Z"}}, {"model": "finance.position", "pk": 56, "fields": {"account": 2, "security": 26, "quantity": "19.00", "last_modified": "2021-05-03T14:20:28.693Z"}}, {"model": "finance.position", "pk": 57, "fields": {"account": 2, "security": 27, "quantity": "26.00", "last_modified": "2021-05-03T14:20:25.599Z"}}, {"model": "finance.position", "pk": 58, "fields": {"account": 2, "security": 28, "quantity": "0.00", "last_modified": "2021-05-03T14:20:28.698Z"}}, {"model": "finance.position", "pk": 59, "fields": {"account": 2, "security": 29, "quantity": "32.00", "last_modified": "2021-05-03T14:20:28.671Z"}}, {"model": "finance.position", "pk": 60, "fields": {"account": 2, "security": 30, "quantity": "22.00", "last_modified": "2021-05-03T14:20:29.726Z"}}, {"model": "finance.currencyexchangerate", "pk": 1, "fields": {"from_currency": 3, "to_currency": 1, "date": "2021-05-03", "value": "0.82840"}}, {"model": "finance.currencyexchangerate", "pk": 2, "fields": {"from_currency": 3, "to_currency": 1, "date": "2021-05-02", "value": "0.83170"}}, {"model": "finance.currencyexchangerate", "pk": 3, "fields": {"from_currency": 3, "to_currency": 1, "date": "2021-04-30", "value": "0.83200"}}, {"model": "finance.currencyexchangerate", "pk": 4, "fields": {"from_currency": 3, "to_currency": 1, "date": "2021-04-29", "value": "0.82510"}}, {"model": "finance.currencyexchangerate", "pk": 5, "fields": {"from_currency": 3, "to_currency": 1, "date": "2021-04-28", "value": "0.82480"}}, {"model": "finance.currencyexchangerate", "pk": 6, "fields": {"from_currency": 3, "to_currency": 1, "date": "2021-04-27", "value": "0.82710"}}, {"model": "finance.currencyexchangerate", "pk": 7, "fields": {"from_currency": 3, "to_currency": 1, "date": "2021-04-26", "value": "0.82780"}}, {"model": "finance.currencyexchangerate", "pk": 8, "fields": {"from_currency": 3, "to_currency": 1, "date": "2021-04-25", "value": "0.82570"}}, {"model": "finance.currencyexchangerate", "pk": 9, "fields": {"from_currency": 3, "to_currency": 1, "date": "2021-04-23", "value": "0.82650"}}, {"model": "finance.currencyexchangerate", "pk": 10, "fields": {"from_currency": 3, "to_currency": 1, "date": "2021-04-22", "value": "0.83230"}}, {"model": "finance.currencyexchangerate", "pk": 11, "fields": {"from_currency": 3, "to_currency": 1, "date": "2021-04-21", "value": "0.83090"}}, {"model": "finance.currencyexchangerate", "pk": 12, "fields": {"from_currency": 3, "to_currency": 1, "date": "2021-04-20", "value": "0.83090"}}, {"model": "finance.currencyexchangerate", "pk": 13, "fields": {"from_currency": 3, "to_currency": 1, "date": "2021-04-19", "value": "0.83090"}}, {"model": "finance.currencyexchangerate", "pk": 14, "fields": {"from_currency": 3, "to_currency": 1, "date": "2021-04-18", "value": "0.83690"}}, {"model": "finance.currencyexchangerate", "pk": 15, "fields": {"from_currency": 3, "to_currency": 1, "date": "2021-04-16", "value": "0.83440"}}, {"model": "finance.currencyexchangerate", "pk": 16, "fields": {"from_currency": 3, "to_currency": 1, "date": "2021-04-15", "value": "0.83570"}}, {"model": "finance.currencyexchangerate", "pk": 17, "fields": {"from_currency": 3, "to_currency": 1, "date": "2021-04-14", "value": "0.83480"}}, {"model": "finance.currencyexchangerate", "pk": 18, "fields": {"from_currency": 3, "to_currency": 1, "date": "2021-04-13", "value": "0.83690"}}, {"model": "finance.currencyexchangerate", "pk": 19, "fields": {"from_currency": 3, "to_currency": 1, "date": "2021-04-12", "value": "0.83960"}}, {"model": "finance.currencyexchangerate", "pk": 20, "fields": {"from_currency": 3, "to_currency": 1, "date": "2021-04-11", "value": "0.84100"}}, {"model": "finance.currencyexchangerate", "pk": 21, "fields": {"from_currency": 3, "to_currency": 1, "date": "2021-04-09", "value": "0.84020"}}, {"model": "finance.currencyexchangerate", "pk": 22, "fields": {"from_currency": 3, "to_currency": 1, "date": "2021-04-08", "value": "0.83940"}}, {"model": "finance.currencyexchangerate", "pk": 23, "fields": {"from_currency": 3, "to_currency": 1, "date": "2021-04-07", "value": "0.84240"}}, {"model": "finance.currencyexchangerate", "pk": 24, "fields": {"from_currency": 3, "to_currency": 1, "date": "2021-04-06", "value": "0.84200"}}, {"model": "finance.currencyexchangerate", "pk": 25, "fields": {"from_currency": 3, "to_currency": 1, "date": "2021-04-05", "value": "0.84660"}}, {"model": "finance.currencyexchangerate", "pk": 26, "fields": {"from_currency": 3, "to_currency": 1, "date": "2021-04-04", "value": "0.84960"}}, {"model": "finance.currencyexchangerate", "pk": 27, "fields": {"from_currency": 3, "to_currency": 1, "date": "2021-04-02", "value": "0.85010"}}, {"model": "finance.currencyexchangerate", "pk": 28, "fields": {"from_currency": 3, "to_currency": 1, "date": "2021-04-01", "value": "0.84920"}}, {"model": "finance.currencyexchangerate", "pk": 29, "fields": {"from_currency": 3, "to_currency": 1, "date": "2021-03-31", "value": "0.85260"}}, {"model": "finance.currencyexchangerate", "pk": 30, "fields": {"from_currency": 3, "to_currency": 1, "date": "2021-03-30", "value": "0.85360"}}, {"model": "finance.currencyexchangerate", "pk": 31, "fields": {"from_currency": 3, "to_currency": 1, "date": "2021-03-29", "value": "0.85010"}}, {"model": "finance.currencyexchangerate", "pk": 32, "fields": {"from_currency": 3, "to_currency": 1, "date": "2021-03-28", "value": "0.84840"}}, {"model": "finance.currencyexchangerate", "pk": 33, "fields": {"from_currency": 3, "to_currency": 1, "date": "2021-03-26", "value": "0.84790"}}, {"model": "finance.currencyexchangerate", "pk": 34, "fields": {"from_currency": 3, "to_currency": 1, "date": "2021-03-25", "value": "0.85010"}}, {"model": "finance.currencyexchangerate", "pk": 35, "fields": {"from_currency": 3, "to_currency": 1, "date": "2021-03-24", "value": "0.84660"}}, {"model": "finance.currencyexchangerate", "pk": 36, "fields": {"from_currency": 3, "to_currency": 1, "date": "2021-03-23", "value": "0.84390"}}, {"model": "finance.currencyexchangerate", "pk": 37, "fields": {"from_currency": 3, "to_currency": 1, "date": "2021-03-22", "value": "0.83790"}}, {"model": "finance.currencyexchangerate", "pk": 38, "fields": {"from_currency": 3, "to_currency": 1, "date": "2021-03-21", "value": "0.84050"}}, {"model": "finance.currencyexchangerate", "pk": 39, "fields": {"from_currency": 3, "to_currency": 1, "date": "2021-03-19", "value": "0.84010"}}, {"model": "finance.currencyexchangerate", "pk": 40, "fields": {"from_currency": 3, "to_currency": 1, "date": "2021-03-18", "value": "0.83930"}}, {"model": "finance.currencyexchangerate", "pk": 41, "fields": {"from_currency": 3, "to_currency": 1, "date": "2021-03-17", "value": "0.83480"}}, {"model": "finance.currencyexchangerate", "pk": 42, "fields": {"from_currency": 3, "to_currency": 1, "date": "2021-03-16", "value": "0.84020"}}, {"model": "finance.currencyexchangerate", "pk": 43, "fields": {"from_currency": 3, "to_currency": 1, "date": "2021-03-15", "value": "0.83830"}}, {"model": "finance.currencyexchangerate", "pk": 44, "fields": {"from_currency": 3, "to_currency": 1, "date": "2021-03-14", "value": "0.83680"}}, {"model": "finance.currencyexchangerate", "pk": 45, "fields": {"from_currency": 3, "to_currency": 1, "date": "2021-03-12", "value": "0.83660"}}, {"model": "finance.currencyexchangerate", "pk": 46, "fields": {"from_currency": 3, "to_currency": 1, "date": "2021-03-11", "value": "0.83430"}}, {"model": "finance.currencyexchangerate", "pk": 47, "fields": {"from_currency": 3, "to_currency": 1, "date": "2021-03-10", "value": "0.83850"}}, {"model": "finance.currencyexchangerate", "pk": 48, "fields": {"from_currency": 3, "to_currency": 1, "date": "2021-03-09", "value": "0.84040"}}, {"model": "finance.currencyexchangerate", "pk": 49, "fields": {"from_currency": 3, "to_currency": 1, "date": "2021-03-08", "value": "0.84420"}}, {"model": "finance.currencyexchangerate", "pk": 50, "fields": {"from_currency": 3, "to_currency": 1, "date": "2021-03-07", "value": "0.84000"}}, {"model": "finance.currencyexchangerate", "pk": 51, "fields": {"from_currency": 3, "to_currency": 1, "date": "2021-03-05", "value": "0.83910"}}, {"model": "finance.currencyexchangerate", "pk": 52, "fields": {"from_currency": 3, "to_currency": 1, "date": "2021-03-04", "value": "0.83560"}}, {"model": "finance.currencyexchangerate", "pk": 53, "fields": {"from_currency": 3, "to_currency": 1, "date": "2021-03-03", "value": "0.82890"}}, {"model": "finance.currencyexchangerate", "pk": 54, "fields": {"from_currency": 3, "to_currency": 1, "date": "2021-03-02", "value": "0.82710"}}, {"model": "finance.currencyexchangerate", "pk": 55, "fields": {"from_currency": 3, "to_currency": 1, "date": "2021-03-01", "value": "0.83000"}}, {"model": "finance.currencyexchangerate", "pk": 56, "fields": {"from_currency": 3, "to_currency": 1, "date": "2021-02-28", "value": "0.82740"}}, {"model": "finance.currencyexchangerate", "pk": 57, "fields": {"from_currency": 3, "to_currency": 1, "date": "2021-02-26", "value": "0.82810"}}, {"model": "finance.currencyexchangerate", "pk": 58, "fields": {"from_currency": 3, "to_currency": 1, "date": "2021-02-25", "value": "0.82120"}}, {"model": "finance.currencyexchangerate", "pk": 59, "fields": {"from_currency": 3, "to_currency": 1, "date": "2021-02-24", "value": "0.82220"}}, {"model": "finance.currencyexchangerate", "pk": 60, "fields": {"from_currency": 3, "to_currency": 1, "date": "2021-02-23", "value": "0.82310"}}, {"model": "finance.currencyexchangerate", "pk": 61, "fields": {"from_currency": 3, "to_currency": 1, "date": "2021-02-22", "value": "0.82270"}}, {"model": "finance.currencyexchangerate", "pk": 62, "fields": {"from_currency": 3, "to_currency": 1, "date": "2021-02-21", "value": "0.82490"}}, {"model": "finance.currencyexchangerate", "pk": 63, "fields": {"from_currency": 3, "to_currency": 1, "date": "2021-02-19", "value": "0.82520"}}, {"model": "finance.currencyexchangerate", "pk": 64, "fields": {"from_currency": 3, "to_currency": 1, "date": "2021-02-18", "value": "0.82720"}}, {"model": "finance.currencyexchangerate", "pk": 65, "fields": {"from_currency": 3, "to_currency": 1, "date": "2021-02-17", "value": "0.83070"}}, {"model": "finance.currencyexchangerate", "pk": 66, "fields": {"from_currency": 3, "to_currency": 1, "date": "2021-02-16", "value": "0.82600"}}, {"model": "finance.currencyexchangerate", "pk": 67, "fields": {"from_currency": 3, "to_currency": 1, "date": "2021-02-15", "value": "0.82440"}}, {"model": "finance.currencyexchangerate", "pk": 68, "fields": {"from_currency": 3, "to_currency": 1, "date": "2021-02-14", "value": "0.82400"}}, {"model": "finance.currencyexchangerate", "pk": 69, "fields": {"from_currency": 3, "to_currency": 1, "date": "2021-02-12", "value": "0.82510"}} ]